name,meanings,gender,origin
Aaron,"strong, exalted",Male,Filipino
Abby,???,-,Filipino
Abe,father of nations,Female,Filipino
Abel,a breath,-,Filipino
Abraham,father of nations,Male,Filipino
Adan,"a form of Adam, of the earth",-,Filipino
Adolpho,noble wolf,Male,Filipino
Adonis,"extremely good looking, lord",-,Filipino
Agapito,beloved,Male,Filipino
Aimee,a good friend,-,Filipino
Akira,"clear, bright",Male,Filipino
Alain,little rock,-,Filipino
"Alan, Allan, Allen",little rock,Male,Filipino
"Albert, Alberto",noble and bright,-,Filipino
Aldo,"old, noble",Male,Filipino
"Alec, Alex",defender of men,-,Filipino
Alejandro,defender of men,Male,Filipino
"Alexa, Alexia",defender,-,Filipino
Alexander,defender of men,Female,Filipino
Alexandra,defender of men,-,Filipino
Alexis,defender of men,Male,Filipino
Alfonso,noble and ready,-,Filipino
"Alice, Alicia",of noble kin,Male,Filipino
Alisha,of noble kin,-,Filipino
Alma,nourishing,Male,Filipino
Alvin,noble friend,-,Filipino
Alyssa,rational,Male,Filipino
Amadeus,love of God,-,Filipino
Amado,"God's love, He who loves God.",Male,Filipino
"Amalia, Amy",hard working,-,Filipino
Amanda,worthy of love,Male,Filipino
Amber,precious stone,-,Filipino
Ambrosio,child of light,Male,Filipino
Amelia,to strive or excel,-,Filipino
Amihan,east wind,Female,Filipino
Amor,love,-,Filipino
Amparo,???,Male,Filipino
Ana,"merciful, gracious",-,Filipino
Andre,manly,Female,Filipino
Andrea,manly,-,Filipino
Andres,manly,Both,Filipino
Angel,messenger of God,-,Filipino
"Angelica, Angeli",messenger of God,Male,Filipino
"Angelie, Angelina",messenger of God,-,Filipino
Angelito,little angel,Female,Filipino
Angelo,messenger of God,-,Filipino
"Anita, Ann","gracious, merciful",Female,Filipino
"Annabel, Annabelle",???,-,Filipino
"Annette, Annie","gracious, merciful",Female,Filipino
Ansel,A god,-,Filipino
Anthony,worthy of praise,Male,Filipino
Antoinette,???,-,Filipino
Anton,worthy of praise,Female,Filipino
Antonio,worthy of praise,-,Filipino
Apolinario,"Destroyer, god of light, art, law, God of the sun, Sunlight, Manly beauty",Male,Filipino
Apple,the fruit,-,Filipino
April,the month,Male,Filipino
Aquilino,eagle,-,Filipino
Archibald,truly bold,Female,Filipino
"Ariane, Arianna",very holy,-,Filipino
Ariel,lion of God,Female,Filipino
Aries,the ram,-,Filipino
"Armand, Armando",army man,Female,Filipino
Armando,"man in the army, soldier",-,Filipino
Armani,from the house of Armand,Both,Filipino
Arnel,"powerful eagle, eagle ruler",-,Filipino
"Arnold, Arnaldo",strong as an eagle,Male,Filipino
Arnulf,eagle wolf,-,Filipino
Aron,"teaching, singing",Male,Filipino
"Arthur, Arturo",the bear,-,Filipino
Ashley,the ash tree field,Male,Filipino
Asia,resurrection,-,Filipino
"August, Augustin",great,Male,Filipino
Aurelio,golden,-,Filipino
Aurora,goddess of dawn,Male,Filipino
Avelino,"name of an italian city, uncertain, pet form of ""Avila"",",-,Filipino
Azul,color blue,Both,Filipino
Balagtas,trail blaze,-,Filipino
Baltazar,Baâ€™al protect the king,Female,Filipino
Barbara,stranger,-,Filipino
Baron,nobleman,Male,Filipino
Bartolome,"son of a farmer, son of Talmai",-,Filipino
Basil,king,Male,Filipino
Basilio,"noble, royal, kingly",-,Filipino
Bayanai,hero,Female,Filipino
Bayani,hero,-,Filipino
"Beatrice, Beatrix",bearer of joy,Male,Filipino
Belen,Bethlehem,-,Filipino
"Belinda, Belisima",beautiful,Both,Filipino
Benedict,bessed,-,Filipino
Benigno,"kind, friendly",Male,Filipino
Benjamin,son of my right hand,-,Filipino
Bernadette,brave as a bear,Male,Filipino
Bernard,brave bear,-,Filipino
"Bernard, Bernardo",bold as a bear,Female,Filipino
Bernice,brings victory,-,Filipino
Beverly,from the river stream,Male,Filipino
"Bianca, Blanca",white,-,Filipino
Bien,good,Male,Filipino
Bienvenido,welcome,-,Filipino
Bituin,star,Male,Filipino
Blue,the color blue,-,Filipino
Boris,small,Male,Filipino
Brando,sword,-,Filipino
Brandon,from the broom hill,Male,Filipino
"Bridget, Bridgette","lofty, exalted",-,Filipino
"Britany, Britney",Britain,Male,Filipino
Bryan,noble,-,Filipino
"Caesar, Cesar",long haired,Female,Filipino
Calvin,bald,-,Filipino
Camille,perfect,Female,Filipino
Candida,white,-,Filipino
Caresse,beloved,Female,Filipino
Carl,manly,-,Filipino
"Carla, Carol",feminine form of Charles,Male,Filipino
Carlo,man,-,Filipino
Carlos,free man,Male,Filipino
Carmela,garden,-,Filipino
Carmelita,little poem,Male,Filipino
Carmen,poem,-,Filipino
Caroline,beautiful woman,Female,Filipino
Carolyn,"Varient of ""Caroline"".",-,Filipino
Cassandra,she who entangles men,Male,Filipino
"Catherine, Cathy",pure,-,Filipino
Cathleen,pure,Male,Filipino
"Cecilia, Cecelia,",blind,-,Filipino
Cedric,chief,Female,Filipino
Celeste,heavenly,-,Filipino
"Celia, Celina",heaven,Female,Filipino
Celine,heaven,-,Filipino
Chandler,candle maker,Female,Filipino
Chandra,moon,-,Filipino
Charissa,grace,Male,Filipino
Charisse,beautiful,-,Filipino
Charity,sharing,Female,Filipino
Charlene,frees,-,Filipino
"Charles, Charlie",free man,Female,Filipino
Charlot,feminine of Charlie,-,Filipino
Charmaine,charm,Female,Filipino
Charo,rosary,-,Filipino
"Chelsa, Chelsea",port for limestone or chalk,Female,Filipino
Cherry,the fruit,-,Filipino
Chesa,shine,Female,Filipino
Chester,a fortress,-,Filipino
Christian,follower of Christ,Male,Filipino
Christiane,Christ bearer,-,Filipino
Christopher,Christ bearer,Female,Filipino
Ciara,black,-,Filipino
Cielo,sky,Female,Filipino
"Claire, Clara, Clarissa",illustrious,-,Filipino
Clarinda,"clear, beautiful",Female,Filipino
Claudio,lame,-,Filipino
Conception,the Virgin's immaculate conception,Female,Filipino
Consuelo,consolation,-,Filipino
Corazon,heart,Female,Filipino
Corina,maiden,-,Filipino
Crescentia,crescent moon,Female,Filipino
Crisanto,Christ the saint,-,Filipino
Crispin,curly hair,Male,Filipino
Cristina,Christ bearer,-,Filipino
"Cybil, Cybille",soothsayer,Male,Filipino
Cyril,lordly,-,Filipino
Cyrus,of the sun,Female,Filipino
Czarina,female ruler,-,Filipino
Daisy,the flower,Male,Filipino
Dalisay,???,-,Filipino
Damien,"to tame, subdue",Female,Filipino
Danica,morning star,-,Filipino
Daniel,God is my judge,Female,Filipino
"Daniela, Danielle",God is my judge,-,Filipino
Danika,morning star,Female,Filipino
Danilo,a form of Daniel,-,Filipino
Dante,everlasting,Female,Filipino
Daphene,laurel tree,-,Filipino
Daria,upholder of the good,Male,Filipino
Darius,upholder of the good,-,Filipino
Darlene,loved one,Female,Filipino
Darryl,"beloved, from Airelle",-,Filipino
Darwin,dear friend,Female,Filipino
David,beloved,-,Filipino
Dean,from the valley,Female,Filipino
Deither,army of the people,-,Filipino
Delila,the one who weakened,Female,Filipino
Demetria,devotee of Demeter,-,Filipino
"Denis, Dennis",devotee of Dionysos,Female,Filipino
Denise,devotee of Dionysos,-,Filipino
Denzel,from Denzell in Cornwall,Male,Filipino
Derrick,people ruler,-,Filipino
Desiree,desired,Male,Filipino
Destiny,fate,-,Filipino
Devon,from the tribe of Dumnonii,Female,Filipino
Dewey,beloved,-,Filipino
Dexter,dryer of clothes,Male,Filipino
Dharma,ultimate law of all things,-,Filipino
Dian,a form of Dion,Both,Filipino
Diana,divine,-,Filipino
Diego,short form of San Diego,Female,Filipino
"Dina, Dinah",God has judged,-,Filipino
Dionicio,god of wine and revelry,Female,Filipino
Divina,Divine,-,Filipino
Dolores,sorrows,Male,Filipino
"Dominic, Dominick",belonging to God,-,Filipino
Donald,world leader,Female,Filipino
Donato,a gift,-,Filipino
"Dorotea, Dorothy",gift of God,Male,Filipino
Douglas,blue-black,-,Filipino
Drew,manly,Female,Filipino
"Dulce, Dulcinea",sweet,-,Filipino
Dustin,Thor's stone,Female,Filipino
Dwayne,dark black,-,Filipino
Dwight,devotee of Dionysos,Male,Filipino
Dylan,son of the sea,-,Filipino
Earl,nobleman,Male,Filipino
Earnest,earnest,-,Filipino
Edgar,reach spear,Male,Filipino
Edgardo,spear wealth,-,Filipino
Edison,son of Edward,Female,Filipino
"Edita, Edith",rich war,-,Filipino
Edmund,rich protector,Male,Filipino
Edna,"delicacy, tenderness",-,Filipino
Edric,prosperous ruler,Male,Filipino
Edsel,noble one,-,Filipino
Eduardo,from Edward,Female,Filipino
Edward,wealthy guardian,-,Filipino
Edwin,prosperous friend,Male,Filipino
Efren,fruitful,-,Filipino
Elaine,light,Male,Filipino
"Eleanor, Elenita",???,-,Filipino
"Elias, Eliot, Elliot",the Lord is my God,Male,Filipino
Elijah,the Lord is my God,-,Filipino
Eliseo,God is my salvation,Male,Filipino
Elizabeth,God is my oath,-,Filipino
Ellen,light,Male,Filipino
Elmer,noble and famous,-,Filipino
Elvira,foreign and true,Male,Filipino
Elysia,heaven,-,Filipino
Eman,faith,Male,Filipino
"Emanuel, Emmanuel",God is with us,-,Filipino
Emerald,the precious stone,Male,Filipino
Emerson,the son of Emery,-,Filipino
"Emil, Emilio",to excel or rival,Male,Filipino
Emma,entire,-,Filipino
"Enrico, Enrique",home ruler,Female,Filipino
Epifano,manifestation,-,Filipino
Epiphany,manifestation of a divine being,Male,Filipino
"Eric, Erik",always the ruler,-,Filipino
Erlat,a hobby,Female,Filipino
Ermin,"universal, whole",-,Filipino
Ernesto,"sincere, earnest",Male,Filipino
Errol,boar wolf,-,Filipino
Ervin,from Irvine,Male,Filipino
Erwin,from Ervin,-,Filipino
Esmeralda,emerald,Male,Filipino
Esperanza,hope,-,Filipino
Esteban,crown,Male,Filipino
Estefania,crown,-,Filipino
Estrella,star,Female,Filipino
Estrellita,small star,-,Filipino
"Etan, Ethan","strong, firm",Female,Filipino
Eugenia,feminine form of Eugenio,-,Filipino
"Eugenia, Eugenie",well born,Male,Filipino
Eugenio,from Eugene,-,Filipino
Eugine,well born,Female,Filipino
Evelyn,form of Eve,-,Filipino
Everett,wild boar herd,Female,Filipino
"Ezekiel, Ezequiel",God will strengthen,-,Filipino
"Fabian, Fabio",bean grower,Male,Filipino
Faith,faith,-,Filipino
Fannie,form of Frances,Male,Filipino
Farah,joy,-,Filipino
Farrah,Ironsmith,Female,Filipino
Farrell,descendant of the man of valor,-,Filipino
Fatima,daughter of the prophet,Male,Filipino
Fay,fairy or elf,-,Filipino
Federico,peaceful ruler,Male,Filipino
"Felicia, Felicity",happiness,-,Filipino
Felipe,horse lover,Male,Filipino
Felix,happy and prosperous,-,Filipino
Ferdinand,to be courageous,Female,Filipino
Fermin,strong,-,Filipino
Fernando,"adventurous, daring",Female,Filipino
Fiona,"white, fair",-,Filipino
Florence,"prosperous, flowering",Female,Filipino
"Fortuna, Fortunata",good fortune,-,Filipino
Franchesca,free,Female,Filipino
Francis,free,-,Filipino
Francisco,free,Male,Filipino
Franco,free,-,Filipino
Francois,free,Female,Filipino
Frank,truthful,-,Filipino
Franklin,free man,Female,Filipino
Frederick,peaceful ruler,-,Filipino
Fritz,peaceful ruler,Male,Filipino
Fuchsia,fuchsia flower,-,Filipino
Gabby,diminutive form of Gabrielle,Female,Filipino
Gabriel,God is my strength,-,Filipino
"Gabriela, Gabrielle",feminine form of Gabriel,Male,Filipino
"Gail, Gayle",joy to the father,-,Filipino
Gale,"merry, pleasant",Male,Filipino
Gallagher,descendant of the lover of foreigners,-,Filipino
Gardenia,gardenia flower,Male,Filipino
Gareth,spear rule,-,Filipino
Garfield,the triangular field,Male,Filipino
Garnet,the red semi-precious stone,-,Filipino
Garrett,spear rule,Male,Filipino
Garson,valet,-,Filipino
Gary,spear rule,Female,Filipino
Gavino,from the City of Gabium,-,Filipino
Gay,"happy, merry",Female,Filipino
Gemma,precious stone,-,Filipino
Genaro,January,Female,Filipino
Gene,well born,-,Filipino
Geneva,juniper berry,Female,Filipino
Genevieve,woman of the people,-,Filipino
Geoffrey,God peace,Male,Filipino
George,farmer,-,Filipino
Georgette,feminine form of George,Male,Filipino
Geraldine,rules with spear,-,Filipino
Geraldo,spear rule,Male,Filipino
Gerard,brave with spear,-,Filipino
Gerardo,spear brave,Male,Filipino
Germain,a German,-,Filipino
Geronimo,holy name,Female,Filipino
Gerry,diminutive form of Gerald,-,Filipino
Gertrude,strong spear,Male,Filipino
Gia,short form of Gianna,-,Filipino
Gian,God is gracious,Male,Filipino
Gibson,son of Gilbert,-,Filipino
"Gilbert, Gilberto",bright pledge,Female,Filipino
Gilda,golden,-,Filipino
Gin,silver,Female,Filipino
Gina,queen,-,Filipino
Ginger,red-orange color,Male,Filipino
"Gino, Giorgio",farmer,-,Filipino
Giovanni,God is gracious,Male,Filipino
Giselle,pledge,-,Filipino
"Glen, Glenn",from the wooded valley,Male,Filipino
Glenda,holy and good,-,Filipino
Gloria,glory,Female,Filipino
Godiva,God's gift,-,Filipino
Gonzalo,battle,Female,Filipino
Grace,grace of God,-,Filipino
Graham,from Granta's village,Female,Filipino
Grant,great,-,Filipino
"Grayson, Greyson",son of the gray haired one,Female,Filipino
Greco,a person from Greece,-,Filipino
"Greg, Gregory","watchful, vigilant",Male,Filipino
Gregorio,a variation of Greg,-,Filipino
Gremaine,a brother,Male,Filipino
Gretchen,a pearl,-,Filipino
Griffith,Griffin lord,Female,Filipino
Guadalupe,river of black stones,-,Filipino
Guillermo,strong willed warrior,Male,Filipino
Gulliver,glutton,-,Filipino
Gunter,battle warrior,Female,Filipino
Gunther,war army,-,Filipino
Gustavo,staff of the Goths,Female,Filipino
Guy,"guide, leader, warrior",-,Filipino
Gwen,blessed ring,Female,Filipino
Hagibis,fast,-,Filipino
Hannah,grace,Male,Filipino
Hansel,God is gracious,-,Filipino
Harmony,pleasant combination of chords,Female,Filipino
Harold,army ruler,-,Filipino
Harris,son of Harry,Male,Filipino
Harvey,battle warrior,-,Filipino
Hayden,from the hay downs,Male,Filipino
Hazel,the hazel tree,-,Filipino
Heath,heathland,Male,Filipino
Heaven,heaven,-,Filipino
Hector,"steadfast, anchor",Male,Filipino
Heherson,conjugation of - he is her son,-,Filipino
Heidi,of noble kin,Male,Filipino
Heinrich,ruler of the home,-,Filipino
Helen,light,Male,Filipino
Hendrix,son of Hendrick,-,Filipino
"Henri, Henry",ruler of the home,Female,Filipino
Henrietta,ruler of the home,-,Filipino
Herbert,army bright,Female,Filipino
Hercules,glory of Hera,-,Filipino
Herman,army man,Male,Filipino
Hernando,to be courageous,-,Filipino
Hero,the brave one,Female,Filipino
Hidalgo,noble one,-,Filipino
Hilaria,feminine form of Hilario,Female,Filipino
Hilario,masculine form of hilaria,-,Filipino
Hilda,battle,Male,Filipino
Hiram,exalted brother,-,Filipino
Holiday,born on a holy day,Female,Filipino
Homer,hostage,-,Filipino
Homobono,good man,Male,Filipino
Honesto,honest,-,Filipino
Honey,sweet as honey,Female,Filipino
Honorata,feminine form of Honorato,-,Filipino
Honorato,honorable,Male,Filipino
Honoria,honor,-,Filipino
Hope,hope,Male,Filipino
Horace,Time-keeper,-,Filipino
Howard,heart brave,Male,Filipino
Howell,seeing clearly,-,Filipino
Hubert,mind bright,Female,Filipino
Humberto,bright,-,Filipino
Humphrey,peaceful warrior,Female,Filipino
Hyacinth,the flower,-,Filipino
Ian,God is gracious,Male,Filipino
Ida,hardworking,-,Filipino
Ignacio,fire,Female,Filipino
Ignatius,fiery one,-,Filipino
Ike,he will laugh,Female,Filipino
Iman,faith,-,Filipino
Imelda,entire battle,Male,Filipino
Ina,diminutive form of names ending in-ina,-,Filipino
Ines,holy,Male,Filipino
Inez,"pure, holy",-,Filipino
Ingrid,Ing's beauty,Male,Filipino
Inocencia,innocent,-,Filipino
Ira,watchful,Male,Filipino
Iram,city of the nation,-,Filipino
Irene,peace,Male,Filipino
Iria,"rainbow, colorful",-,Filipino
Irina,peace,Male,Filipino
Iris,"colorful, raibow",-,Filipino
Irma,"whole, entire",Female,Filipino
Irving,"from Irving, Scotland",-,Filipino
Irwin,"from Irving, Scotland",Male,Filipino
Isaac,he will laugh,-,Filipino
Isabel,God is my oath,Female,Filipino
"Isabella, Isabelle",God is my oath,-,Filipino
Isadora,gift of Isis,Male,Filipino
Isaiah,God is my salvation,-,Filipino
Isandro,on who is freed,Male,Filipino
Ishmael,God will hear,-,Filipino
Isidro,gift of Isis,Male,Filipino
Isla,island,-,Filipino
Israel,wrestled with God,Male,Filipino
Issay,hairy,-,Filipino
Ivan,God is gracious,Female,Filipino
Ivana,feminine form of Ivan,-,Filipino
Ivette,yew,Female,Filipino
Ivie,the climbing ivy plant,-,Filipino
Ivory,as while as the elephant's tusk,Female,Filipino
Ivy,the climbing ivy plant,-,Filipino
Izzy,God is my oath,Female,Filipino
Jack,diminutive form of Jackson,-,Filipino
Jackie,supplanter,Female,Filipino
Jackson,son of Jack,-,Filipino
Jacob,supplanter,Female,Filipino
Jacqueline,supplanter,-,Filipino
Jade,a green gemstone,Both,Filipino
Jael,wild mountain goat,-,Filipino
Jagger,"carter, peddlar",Female,Filipino
Jago,supplanter,-,Filipino
Jaguar,big spotted feline,Male,Filipino
Jaide,another form for Jade,-,Filipino
Jaime,supplanter,Male,Filipino
Jake,supplanter,-,Filipino
Jalena,bright,Male,Filipino
Jaliyah,???,-,Filipino
Jam,a condiment or a musical get together,Female,Filipino
Jamal,handsome,-,Filipino
James,supplanter,Both,Filipino
Jamie,supplanter,-,Filipino
Jamil,"elegant, beautiful",Male,Filipino
Jane,God is gracious,-,Filipino
Janet,God is gracious,Female,Filipino
Janeth,Janet and Elizabeth combined,-,Filipino
Janice,God is gracious,Female,Filipino
Janie,diminutive form of Jane,-,Filipino
Janika,feminine form of John,Both,Filipino
January,month of January,-,Filipino
Janus,God of beginnings,Male,Filipino
Jared,descendent,-,Filipino
Jarrett,spear brave,Male,Filipino
"Jasmin, Jasmine",the jasmine flower,-,Filipino
Jason,healer,Both,Filipino
Jasper,treasurer,-,Filipino
Jay,a bird in the crow family,Male,Filipino
Jaya,Victory,-,Filipino
Jayden,from Jaden,Female,Filipino
Jayme,a form of James,-,Filipino
Jazzelle,a form of Giselle,Female,Filipino
"Jean, Jeanette",God is gracious,-,Filipino
Jeana,a form of Gina,Female,Filipino
"Jeanine, Jeanne",God is gracious,-,Filipino
Jed,friend of God,Female,Filipino
Jedi,"God knows; God protects, beloved by God",-,Filipino
Jedrek,"strong, manly",Female,Filipino
"Jeff, Jeffery",God peace,-,Filipino
Jefferson,son of Jeffrey,Female,Filipino
Jelena,bright,-,Filipino
Jem,a form of Gem,Female,Filipino
Jemma,precious stone,-,Filipino
Jennifer,fair phantom or white wave,Both,Filipino
Jensen,son of Jens,-,Filipino
"Jeremiah, Jeremy",God will uplift,Male,Filipino
Jericho,moon city,-,Filipino
Jerod,spear brave,Male,Filipino
Jerome,holy name,-,Filipino
Jerry,"sacred name, holy name, spear ruler or warrior",Female,Filipino
Jerusalem,heritage of peace,-,Filipino
Jessica,God beholds,Male,Filipino
Jessie,Diminutive form of Jessica or Jean,-,Filipino
Jesus,Jesus Christ,Male,Filipino
Jesusa,feminine form of Jesus,-,Filipino
Jethro,abundance,Male,Filipino
Jewel,Precious stone,-,Filipino
Jezebel,Unexalted,Female,Filipino
"Joan, Joanna",God is gracious,-,Filipino
Joaquin,raised by Yahweh,Male,Filipino
Job,persecuted,-,Filipino
"Jocelin, Jocelyn",little Goth,Both,Filipino
Joel,God will be willing,-,Filipino
Joey,diminutive form of Joseph or Josiah,Male,Filipino
John,God is gracious,-,Filipino
Johnny,diminutive form of John,Male,Filipino
Johnson,son of John,-,Filipino
Jonas,a dove,Male,Filipino
Jonathan,God has given,-,Filipino
Jonell,???,Male,Filipino
Jordan,to flow down,-,Filipino
Jorge,farmer,Male,Filipino
Jory,farmer,-,Filipino
Jose,God will increase,Male,Filipino
"Josef, Joseph",God will increase,-,Filipino
Joselito,from Jose,Female,Filipino
Josephine,God will increase,-,Filipino
Joshua,God is salvation,Male,Filipino
Jovan,God is gracious,-,Filipino
Jovie,joyful,Male,Filipino
"Jovita, Joy",happy,-,Filipino
Joyce,little lord,Both,Filipino
Juan,God is gracious,-,Filipino
"Juana, Juanita",God is gracious,Male,Filipino
Jude,from Judaea,-,Filipino
Judith,from Judaea,Male,Filipino
Judson,son of Judd,-,Filipino
Judy,from Judaea,Male,Filipino
Julia,"soft, downy",-,Filipino
Julian,downy,Female,Filipino
Juliet,downy,-,Filipino
Julio,a form of Julius,Male,Filipino
Julius,downy,-,Filipino
July,the month of July,Male,Filipino
Justin,"just, fair",-,Filipino
Justine,feminine form of Justin,Male,Filipino
Kale,man,-,Filipino
Kalea,illustrious,Female,Filipino
"Kamal, Kamil",perfection,-,Filipino
Kana,powerful,Female,Filipino
Kane,battle,-,Filipino
Karam,generosity,Male,Filipino
Kareem,"gracious, generous",-,Filipino
Karen,pure,Female,Filipino
Karl,man,-,Filipino
Karla,feminine form of Karl,Both,Filipino
Kate,pure,-,Filipino
"Katherine, kathleen",pure,Female,Filipino
"Kathy, Katrina",pure,-,Filipino
Kay,rejoice,Male,Filipino
Kaysar,king,-,Filipino
Kazuo,husband of harmony,Female,Filipino
Keanu,cool mountain breeze,-,Filipino
Keiko,blessing,Female,Filipino
Keith,woods,-,Filipino
"Kelley, Kelly",bright headed,Both,Filipino
Kelvin,a river in Scotland,-,Filipino
Kemp,fighter,Female,Filipino
"Ken, Kenneth",handsome,-,Filipino
Kendi,the loved one,Male,Filipino
Kent,high,-,Filipino
"Keon, Keoni",God is gracious,Male,Filipino
Kia,hill,-,Filipino
Kimberly,from the meadow of the royal fortress,Both,Filipino
Kin,golden,-,Filipino
Kira,black,Male,Filipino
Kirana,beautiful sunbeam,-,Filipino
Kirima,hill,Female,Filipino
Kisha,rainfall,-,Filipino
Klaus,victory of the people,Female,Filipino
Kobe,supplanter,-,Filipino
Korbin,raven,Male,Filipino
Koren,"beaming, shining",-,Filipino
Korrine,maiden,Male,Filipino
Kourtney,from Courtenay in France,-,Filipino
Kris,from Christopher,Male,Filipino
Kristian,Christian,-,Filipino
Kristin,Christian,Male,Filipino
Kristina,Christian,-,Filipino
Lacy,lacy,Female,Filipino
Lamar,from the sea,-,Filipino
Lance,land,Female,Filipino
Lancelot,land,-,Filipino
Lander,of the land,Female,Filipino
Landon,from the long hill,-,Filipino
Lani,"heaven, chief",Both,Filipino
Lara,from Larisa,-,Filipino
Larisa,the smile,Female,Filipino
Larissa,cheerful,-,Filipino
Larry,"from Laurentum, Italy",Female,Filipino
Latifah,"elegant, delicate",-,Filipino
Latoya,???,Female,Filipino
"Laura, Laurel",laurel,-,Filipino
Laurence,laurel,Male,Filipino
Laurent,crowned with laurel,-,Filipino
Lauro,from the laurel leaf,Male,Filipino
Lavender,a purple flowering plant,-,Filipino
"Lavina, Lavinia",woman of Rome,Male,Filipino
Lawrence,laurel,-,Filipino
"Lazaro, Lazarus",God has helped,Male,Filipino
"Lea, Leah",weary,-,Filipino
Leander,lion man,Male,Filipino
Leigh,field,-,Filipino
Leilani,heavenly flower,Female,Filipino
"Leo, Leon",the lion,-,Filipino
Leona,lion,Female,Filipino
"Leonard, Leonardo",lion brave,-,Filipino
Leonidas,lion like,Female,Filipino
"Leonor, Leonora",light,-,Filipino
Leopold,people bold,Female,Filipino
Lesley,joy,-,Filipino
Leslie,joy,Male,Filipino
Lester,"from Leicester, England",-,Filipino
Leticia,joy,Female,Filipino
"Levi, Levy",joined,-,Filipino
Lewis,famed warrior,Female,Filipino
Liam,strong willed warrior,-,Filipino
Lian,lotus,Female,Filipino
Liberato,liberty,-,Filipino
Ligaya,happiness,Both,Filipino
"Lilianna, Lilliana",combination of Lily and Anna,-,Filipino
Lily,lily flower,Male,Filipino
Linda,pretty one,-,Filipino
"Lindsay, Lindsey",from the lake settlement island,Male,Filipino
Lionel,lion,-,Filipino
"Lisa, Liza",God is my oath,Both,Filipino
Liwanag,"light, bright",-,Filipino
Liwayway,???,Female,Filipino
Lloyd,grey,-,Filipino
Logan,from the hollow,Male,Filipino
Lolita,sorrows,-,Filipino
Lorelei,alluring enchantress,Female,Filipino
Loren,laurel,-,Filipino
Lorena,laurel,Both,Filipino
Lorenzo,laurel,-,Filipino
"Loretta, Lorretta",laurel,Female,Filipino
"Lori, Lorie",laurel,-,Filipino
Lorna,fox,Male,Filipino
Lotta,free,-,Filipino
"Lou, Louis",famed warrior,Female,Filipino
Louie,famous warrior,-,Filipino
"Louisa, Louise",famous warrior,Female,Filipino
Lourdes,French place,-,Filipino
Love,full of love,Female,Filipino
Lovely,loved one,-,Filipino
Lovette,little loved one,Female,Filipino
Lowell,little wolf,-,Filipino
Lualhati,"peace, tranquillity",Male,Filipino
Luciana,light,-,Filipino
Luciano,light,Male,Filipino
"Lucille, Lucinda",light,-,Filipino
"Lucio, Lucius",light,Female,Filipino
Lucky,fortunate,-,Filipino
Ludwig,famous warrior,Female,Filipino
"Luigi, Luis",famous warrior,-,Filipino
"Lukas, Luke",light,Female,Filipino
Lulani,highest heaven,-,Filipino
Lulu,famous warrior,Female,Filipino
Lumina,sunshine,-,Filipino
Luna,the moon,Female,Filipino
Lunet,holy image,-,Filipino
Lunette,little moon,Male,Filipino
Luningning,"brightness, brilliance",-,Filipino
"Lupe, Lupita",from the river of the wolf,Female,Filipino
Luther,people army,-,Filipino
Luz,light,Female,Filipino
Luzviminda,"conj. of Luzon, Visayas & Mindanao",-,Filipino
Lydia,"from Lydia, Greece",Male,Filipino
Lynda,the pretty one,-,Filipino
Lyndon,from the flax hill,Female,Filipino
Lynette,pretty one,-,Filipino
Lynn,the lake,Male,Filipino
Lyra,"the harp, lyre",-,Filipino
Lyric,words of a song,Both,Filipino
Lysander,one who is freed,-,Filipino
Mabel,loveable,Male,Filipino
Macarena,blessed,-,Filipino
Macario,happy,Male,Filipino
"Madeline, Madelyn",woman from Magdala,-,Filipino
"Magan, Maggie",pearl,Male,Filipino
Maganda,beautiful,-,Filipino
Magnolia,the flower magnolia,Female,Filipino
Mahal,"love, expensive",-,Filipino
Makisig,"handsome, manly",Female,Filipino
Malaya,free,-,Filipino
Malea / Maleah,a form of Malaya,Female,Filipino
Mandy,loveable,-,Filipino
Manila,Jewel of a son,Female,Filipino
Manny,God is with us,-,Filipino
"Manolo, Manuel",God is with us,Female,Filipino
Manuela,God is with us,-,Filipino
"Marc, Mark",warlike,Female,Filipino
"Marcel, Marcelino",young warrior,-,Filipino
Marcella,young warrior,Female,Filipino
March,the month of March,-,Filipino
Marco,warlike,Male,Filipino
Marcos,of mars,-,Filipino
Marcus,warlike,Male,Filipino
"Margaret, Margie, Marjorie",pearl,-,Filipino
Margarita,pearl,Male,Filipino
"Margaux, Margot",pearl,-,Filipino
"Mari, Mary",sea of bitterness,Female,Filipino
Maria,sea of bitterness,-,Filipino
Mariah,sea of bitterness,Female,Filipino
"Marian, Mariana",sea of bitterness,-,Filipino
"Marianne, Marie",sea of bitterness,Female,Filipino
Mariano,warlike,-,Filipino
Maribel,combo of Maria and Isabel,Female,Filipino
Maribeth,combo of Maria and Elizabeth,-,Filipino
"Mariel, Marissa",sea of bitterness,Female,Filipino
Marigold,yellow flower,-,Filipino
Marikit,beautiful,Female,Filipino
Marilyn,combo of Mary and Lynn,-,Filipino
"Marin, Marinel",of the sea,Female,Filipino
"Marina, Maris",of the sea,-,Filipino
Marlene,combo of Mary & Magdalene,Female,Filipino
Marlon,warlike,-,Filipino
Marsha,warlike,Male,Filipino
Marshall,horse keeper,-,Filipino
Martha,lady,Female,Filipino
"Martin, Marty","servant of Mars, the god of war",-,Filipino
"Martina, Martine","servant of Mars, the god of war",Female,Filipino
Marvin,great lord,-,Filipino
"Mathilda, Matilda",battle might,Female,Filipino
Matias,gift of God,-,Filipino
Matthew,gift of God,Female,Filipino
Maude,battle might,-,Filipino
Maureen,sea of bitterness,Female,Filipino
Maurice,dark skinned,-,Filipino
Mauricio,"dark skinned, moor",Female,Filipino
"Max, Maximilian, Maximus",greatest,-,Filipino
Maxim,greatest,Both,Filipino
"Maxima, Maxime",greatest,-,Filipino
"Maximo, Maximos",greatest,Female,Filipino
May,goddess Maia,-,Filipino
Maya,a form of May or Maia,Female,Filipino
Maylin,beautiful jade,-,Filipino
Maynard,brave strength,Male,Filipino
Megan,pearl,-,Filipino
Meir,one who shines,Female,Filipino
Melanie,black,-,Filipino
Melchor,God is my light,Male,Filipino
Melodie,"song, melody",-,Filipino
Melvin,gentle lord,Female,Filipino
Mendel,little man,-,Filipino
Mercedes,merciful,Male,Filipino
Mercy,compassion,-,Filipino
"Merric, Merrick",famed rule,Female,Filipino
Mervin,great lord,-,Filipino
Mia,sea of bitterness,Male,Filipino
"Michael, Michel",who is like God?,-,Filipino
Michaela,who is like God?,Female,Filipino
Michelangelo,archangel Michael,-,Filipino
"Michele, Michelle",who is like God?,Both,Filipino
Midori,green,-,Filipino
Miguel,who is like God?,Male,Filipino
"Mikel, Mitch",who is like God?,-,Filipino
"Mikhail, Mikkel",who is like God?,Female,Filipino
Mila,people's favor,-,Filipino
Milagros,miracle,Female,Filipino
Mildred,mild strength,-,Filipino
"Miles, Milo",soldier,Female,Filipino
"Mina, Minda, Mindy",combo of Mel and Linda,-,Filipino
Minerva,goddess of wisdom,Male,Filipino
Mio,mine,-,Filipino
Miranda,Admirable,Female,Filipino
Miriam,sea of bitterness,-,Filipino
Modesto,modest,Female,Filipino
Modesty,without conceit,-,Filipino
Moesha,drawn out of the water,Male,Filipino
Mohammed,praised,-,Filipino
Mohan,attractive,Female,Filipino
Moises,born of,-,Filipino
Monique,advisor,Female,Filipino
Morgan,great circle,-,Filipino
Moses,born of a god,Male,Filipino
Moshe,drawn out of the water,-,Filipino
Moss,born of a god,Female,Filipino
Muhammad,praised,-,Filipino
Mulan,wood orchid,Female,Filipino
Mutia,nymph,-,Filipino
Myra,admirable,Male,Filipino
Myrna,high-spirited,-,Filipino
Myron,myrrh,Male,Filipino
Mystery,unexplained,-,Filipino
"Nadia, Nadine",hope,Male,Filipino
Nanette,grace,-,Filipino
Narciso,"sleep, numbness",Female,Filipino
Natalia,born on Christmas day,-,Filipino
"Natalie, Nathalie",born on Christmas day,Male,Filipino
Nate,diminutive form of Nathan,-,Filipino
Nathan,he gave,Male,Filipino
Nathaniel,gift of God,-,Filipino
Natividad,of the nativity,Male,Filipino
"Neal, Neil","champion, passionate",-,Filipino
Nelia,horn,Male,Filipino
Nelson,son of Neil,-,Filipino
Nemesio,vengeance,Male,Filipino
Nenet,goddess of the deep,-,Filipino
Nenette,form of Nanette,Female,Filipino
Nenita,???,-,Filipino
Neo,new,Female,Filipino
Nerissa,nymph,-,Filipino
Nero,powerful,Female,Filipino
Nestor,traveler,-,Filipino
Nevada,covered in snow,Female,Filipino
Nicanor,"A conqueror, victorious",-,Filipino
Nicholai,victory of the people,Male,Filipino
"Nicholas, Nick",victory of the people,-,Filipino
Nichole,victory of the people,Female,Filipino
Nicklaus,victory of the people,-,Filipino
Nico,short for Nicholas or Nicodemus,Female,Filipino
Nicodemus,victory of the people,-,Filipino
Nicolas,victory of the people,Female,Filipino
"Nicole, Nicolette",victory of the people,-,Filipino
Niel,champion,Male,Filipino
Nigel,champion,-,Filipino
Nika,bring victory,Female,Filipino
Nike,victorious,-,Filipino
Nikita,victory of the people,Female,Filipino
"Nikki, Nikkol",victory of the people,-,Filipino
Niklaus,victory of the people,Male,Filipino
Niles,son of Neil,-,Filipino
Nimrod,rebellion,Male,Filipino
Nisha,night,-,Filipino
Nixon,son of Nicholas,Female,Filipino
Noah,"rest, peace",-,Filipino
Noel,born on Christmas day,Male,Filipino
Noemi,"beautiful, gentle",-,Filipino
"Nolan, Noland",descendant of the famous one,Male,Filipino
Nona,ninth,-,Filipino
"Nora, Norina",honor,Male,Filipino
Norbert,bright north,-,Filipino
Noreen,honor,Female,Filipino
Norma,from the north,-,Filipino
Norman,man form the north,Both,Filipino
Normandy,land of the northern folk,-,Filipino
Norton,from the town in the north,Female,Filipino
November,born in November,-,Filipino
Nuncio,messenger,Female,Filipino
"Octavian, Octavo",the eighth,-,Filipino
October,born in October,Male,Filipino
Odessa,long journey,-,Filipino
Odette,wealth,Female,Filipino
Odin,divine creative inspiration,-,Filipino
Odysseus,angry,Female,Filipino
Oistin,venerable,-,Filipino
Oke,deer lover,Male,Filipino
"Ole, Olin",ancestor's heir,-,Filipino
Oleg,holy,Female,Filipino
Olesia,holy,-,Filipino
Olga,holy,Male,Filipino
Olive,olive,-,Filipino
"Oliver, Ollie",elf army,Both,Filipino
Olivia,elf army,-,Filipino
Olivier,olive tree,Male,Filipino
Olson,son of Olaf,-,Filipino
Olwen,white track,Male,Filipino
Olympia,mountain of the gods,-,Filipino
Oma,giver of life,Both,Filipino
Omana,"kindness, help",-,Filipino
Omar,long lived,Female,Filipino
Omarion,Combination of Omar and -ion,-,Filipino
Omega,the last letter of the Greek alphabet,Female,Filipino
On,peace,-,Filipino
Ona,grace,Female,Filipino
Onaedo,gold,-,Filipino
Onan,"strength, power",Male,Filipino
Oneida,eagerly awaited,-,Filipino
Onofre,peace warrior,Male,Filipino
Opal,precious gem,-,Filipino
Ophelia,helper,Both,Filipino
Oprah,gazelle,-,Filipino
Ora,gold,Male,Filipino
Oracle,prophesy,-,Filipino
Orella,golden,Male,Filipino
Orestes,mountain dweller,-,Filipino
Oriana,golden,Female,Filipino
Oriel,gold,-,Filipino
Orion,mountain dweller,Female,Filipino
Orlando,famous land,-,Filipino
Orli,you are my light,Female,Filipino
Orly,you are my light,-,Filipino
Oro,gold,Male,Filipino
"Orsen, Orsin",bear cub,-,Filipino
Osama,lion-like,Female,Filipino
"Osborn, Osbourne",god bear,-,Filipino
Oscar,deer lover,Male,Filipino
Osher,happiness,-,Filipino
Osias,salvation,Male,Filipino
Osman,tender youth,-,Filipino
Osmond,God protector,Male,Filipino
"Oswald, Othello",God rule,-,Filipino
Otis,wealth,Male,Filipino
Otto,wealth,-,Filipino
Owen,desire born,Male,Filipino
Owena,desire born,-,Filipino
Oz,"strength, courage",Male,Filipino
Ozer,God's helper,-,Filipino
Pablo,small,Male,Filipino
Pacifico,peaceful,-,Filipino
Paco,free,Male,Filipino
Page,attendant,-,Filipino
Paige,assistant,Male,Filipino
Palma,palm,-,Filipino
Palmer,holy land pilgrim,Female,Filipino
Paloma,a dove,-,Filipino
"Pam, Pamela",all honey,Both,Filipino
Pancho,free,-,Filipino
Paniz,candy,Male,Filipino
Panthea,all goddess,-,Filipino
Paola,small,Male,Filipino
Paolo,small,-,Filipino
Paprika,spice,Male,Filipino
Paquita,free,-,Filipino
Paras,touchstone,Male,Filipino
Paris,"Paris, France",-,Filipino
Parisa,like a fairy,Female,Filipino
Parker,park keeper,-,Filipino
Parson,"minister, clergy",Female,Filipino
Parthenia,"maiden, virgin",-,Filipino
"Pascal, Pascual",Easter,Female,Filipino
Pascale,Easter,-,Filipino
Pascha,small,Male,Filipino
Passion,strong desire,-,Filipino
Pat,noble,Female,Filipino
Patience,patience,-,Filipino
"Patrice, Patricia",noble,Female,Filipino
Patrick,noble,-,Filipino
Patsy,noble,Male,Filipino
Paul,small,-,Filipino
Paula,small,Female,Filipino
"Paulette, Pauline",small,-,Filipino
Paulina,small,Female,Filipino
Pavel,small,-,Filipino
Pax,peace,Female,Filipino
Payton,from Pacca's town,-,Filipino
Paz,peace,Male,Filipino
Peaches,peaches,-,Filipino
"Pearl, Pearlie, Pearly",pearl,Female,Filipino
Pebbles,small stones,-,Filipino
Pedro,rock,Female,Filipino
Peer,"glory, luxury",-,Filipino
Penelope,with a web over her face,Both,Filipino
Penn,lives by the sea,-,Filipino
"Penney, Pennie",with a web over her face,Both,Filipino
Peony,flower,-,Filipino
Pepin,determined,Female,Filipino
Pepper,hot spice,-,Filipino
"Percival, Percy",Pierce valley,Both,Filipino
Perlita,small pearls,-,Filipino
Perpetua,everlasting,Female,Filipino
Perry,dweller by the pear tree,-,Filipino
"Pete, Peter",rock,Male,Filipino
Petit,small,-,Filipino
"Petra, Petronella",rock,Male,Filipino
Petunia,flower,-,Filipino
Pharell,descendant of a valorous man,Both,Filipino
Philemon,loving,-,Filipino
"Philip, Phillip",lover of horses,Female,Filipino
Philomena,strong friend,-,Filipino
Phoebe,"bright, shining",Female,Filipino
Phoenix,blood red,-,Filipino
"Phyliss, Phyllis",green leaves,Male,Filipino
Pia,pious,-,Filipino
"Pier, Pierce",rock,Male,Filipino
Pierre,rock,-,Filipino
Pieta,"religious, piety",Male,Filipino
Pilar,pillar of strength,-,Filipino
Pink,"light red color, healthy",Female,Filipino
Piper,flute player,-,Filipino
Pisces,the fish,Female,Filipino
Placido,"quiet, calm",-,Filipino
Plato,strong shoulders,Both,Filipino
Pleasance,agreeable,-,Filipino
Pluto,Roman god of the underworld,Female,Filipino
Polly,great sorrow,-,Filipino
Polo,alligator,Female,Filipino
Porter,doorkeeper,-,Filipino
Portia,Roman clan name,Both,Filipino
Posh,elegant,-,Filipino
Potter,pot maker,Male,Filipino
Precious,precious one,-,Filipino
Presley,from the priest's field,Female,Filipino
"Price, Pryce",son of Rhys,-,Filipino
Primo,first born,Female,Filipino
Primrose,flower name,-,Filipino
Prince,royal son,Female,Filipino
Princess,royal daughter,-,Filipino
Priscilla,ancient,Both,Filipino
Prudence,"cautious, intelligent",-,Filipino
Psalm,song,Both,Filipino
Ptolemy,warlike,-,Filipino
Puma,mountain lion,Male,Filipino
Purity,"unsullied, clean",-,Filipino
Pytor,rock,Male,Filipino
Qabil,able,-,Filipino
Qacha,flank,Female,Filipino
Qadan,cliff,-,Filipino
Qamar,the moon,Both,Filipino
Qamra,the moon,-,Filipino
Qays,firm,Female,Filipino
Qi,fine jade,-,Filipino
Qiana,singers,Male,Filipino
Qiao,handsome or beautiful,-,Filipino
Qing,aqua colored,Both,Filipino
Qing Yuan,"deep water, clear spring",-,Filipino
Quade,descendent of Uad,Female,Filipino
Quana,aromatic,-,Filipino
Quanda,slender young tree,Female,Filipino
Quang,clear,-,Filipino
Quant,rogue,Male,Filipino
Quasar,meteorite,-,Filipino
Quasim,"just, fair",Female,Filipino
Queenie,queen,-,Filipino
Quenby,from the queen's manor,Both,Filipino
Quennell,battle,-,Filipino
"Quentin, Quintin",fifth,Both,Filipino
Querida,beloved,-,Filipino
Questa,seeking,Male,Filipino
Quiana,singers,-,Filipino
Quilla,a quill,Female,Filipino
Quillan,cub,-,Filipino
"Quin, Quinn",descendant of Conn,Female,Filipino
Quincy,from Quincy in France,-,Filipino
Quinlan,descendant of the handsome man,Female,Filipino
Quinta,fifth,-,Filipino
Quintana,from the country house,Female,Filipino
Quintessa,the fifth or form of quintessence,-,Filipino
"Quinto, Quito",fifth,Both,Filipino
Quynh,night blooming flower,-,Filipino
Qwara,from an Ethiopian tribe,Both,Filipino
Qwin,a form of Quinn,-,Filipino
Raanan,"fresh, green, flourishing",Both,Filipino
Race,running competition,-,Filipino
Rach,ewe,Both,Filipino
"Rachael, Rachel",ewe,-,Filipino
"Rachelle, Racquel",ewe,Female,Filipino
Rafael,God has healed,-,Filipino
Raffaello,God has healed,Female,Filipino
Rafi,exalted,-,Filipino
Rafiq,dear friend,Female,Filipino
Raheem,compassionate,-,Filipino
Rain,blessing from above,Male,Filipino
Raina,queen,-,Filipino
Rainer,army counsel,Female,Filipino
Rais,"leader, chief",-,Filipino
Raisa,rose,Female,Filipino
Raja,king,-,Filipino
Rajan,king,Both,Filipino
Ralph,wolf counsel,-,Filipino
Ram,godlike,Male,Filipino
Ramiro,supreme judge,-,Filipino
Ramon,counsel protection,Male,Filipino
Ramona,counsel protection,-,Filipino
Ramses,son of Ra,Female,Filipino
Randolph,shield wolf,-,Filipino
Randy,diminutive form of Randall,Female,Filipino
Rane,queen,-,Filipino
Ranjana,entertaining,Female,Filipino
Raphael,God has healed,-,Filipino
Raquel,ewe,Male,Filipino
Rasha,young gazelle,-,Filipino
"Rasheed, Rashid",wise prudent,Male,Filipino
Ratana,crystal,-,Filipino
Raul,wolf counsel,Male,Filipino
Raymond,counsel protection,-,Filipino
Raymundo,counsel protection,Male,Filipino
Rayner,army advice,-,Filipino
Razi,my secret,Male,Filipino
Rea,flowing,-,Filipino
Reagan,little king,Both,Filipino
"Rebecca, Rebekka",snare,-,Filipino
"Red, Reid",red haired,Female,Filipino
Redford,from the red ford,-,Filipino
Reece,running,Male,Filipino
Reese,running,-,Filipino
Reeves,servant or child of the steward,Male,Filipino
Regan,queen,-,Filipino
Regina,queen,Female,Filipino
Reginald,counsel bold,-,Filipino
Regis,"ruler, kingly",Male,Filipino
Remedy,cure,-,Filipino
Remington,from the ridge town,Male,Filipino
Remus,"founder of Rome, oar",-,Filipino
Renata,reborn,Both,Filipino
Rene,reborn,-,Filipino
Renee,reborn,Male,Filipino
Restituto,one who returns to God,-,Filipino
Reuben,behold a son,Male,Filipino
Rex,king,-,Filipino
Rey,king,Female,Filipino
"Reya, Reyna",queen,-,Filipino
Reynaldo,counsel rule,Male,Filipino
Reynard,counsel brave,-,Filipino
Reza,"consent, agreement",Female,Filipino
Rhea,flowing,-,Filipino
Rhoda,rose,Male,Filipino
Rhona,from the rough island,-,Filipino
Rian,king,Male,Filipino
Ricardo,brave ruler,-,Filipino
Ricci,curly haired,Male,Filipino
"Rich, Richard",brave ruler,-,Filipino
Richmond,the protector king,Both,Filipino
Ricky,brave ruler,-,Filipino
Rico,brave ruler,Female,Filipino
Riley,descendant of Roghallach,-,Filipino
Ripley,from the strip field,Male,Filipino
Rita,pearl,-,Filipino
Riva,maiden,Male,Filipino
Rivera,lives near the river,-,Filipino
Rizalino,from Jose Rizal,Male,Filipino
Rob,bright fame,-,Filipino
Robbie,diminutive form of Robert,Female,Filipino
Robbin,bright fame,-,Filipino
Robert,bright fame,Female,Filipino
Roberta,bright fame,-,Filipino
Roberto,bright fame,Female,Filipino
Robin,bright fame,-,Filipino
Robinson,son of Robin,Male,Filipino
Rocco,rest,-,Filipino
Roch,rest,Male,Filipino
Rochelle,little rock,-,Filipino
Rock,rock,Both,Filipino
Rockefeller,"from Rockenfeld, Germany",-,Filipino
Rocky,rocky,Male,Filipino
Roderick,famous ruler,-,Filipino
Rodney,from the island in the swift river,Male,Filipino
Rodolfo,famed wolf,-,Filipino
Rodrigo,famous ruler,Male,Filipino
Rogelio,fame spear,-,Filipino
Rogene,fame spear,Male,Filipino
Roger,famous spear,-,Filipino
Rohan,ascending,Both,Filipino
Roland,famous land,-,Filipino
Rolando,famous land,Male,Filipino
Roma,from Rome,-,Filipino
Roman,from Rome,Female,Filipino
Rome,from Rome,-,Filipino
Romeo,from Rome,Female,Filipino
Romney,from the broad river,-,Filipino
Romy,from Rome,Female,Filipino
Ron,counsel rule,-,Filipino
Rona,song,Female,Filipino
Ronald,counsel rule,-,Filipino
Ronaldo,advice ruler,Male,Filipino
Ronan,little seal,-,Filipino
Ronda,form of Rhonda,Male,Filipino
Ronni,bring victory,-,Filipino
Roosevelt,from the rose field,Male,Filipino
Rosa,rose,-,Filipino
Rosalie,rose,Female,Filipino
Rosalind,pretty rose,-,Filipino
Rosalyn,little rose,Female,Filipino
Rosanna,gracious rose,-,Filipino
Rosario,rosary,Male,Filipino
Rosauro,masculine form of Rosario,-,Filipino
Rose,rose,Female,Filipino
"Rosemarie, Rosemary",herb,-,Filipino
Rosetta,little rose,Female,Filipino
Rosie,rose flower,-,Filipino
Rosito,masculine form of Rose,Female,Filipino
Ross,headland,-,Filipino
Rousseau,red haired,Female,Filipino
Rowan,rowan tree,-,Filipino
Rowell,"conjunction of roe, deer & well",Female,Filipino
Rowena,fame joy,-,Filipino
Roxanne,dawn,Female,Filipino
Roxy,dawn,-,Filipino
Roy,red,Male,Filipino
Royce,of a famous kin,-,Filipino
Ruben,behold a son,Female,Filipino
Ruby,red gemstone,-,Filipino
Rudolph,famous wolf,Female,Filipino
Rudy,famous wolf,-,Filipino
Rufina,read haired,Female,Filipino
Rupert,bright fame,-,Filipino
Ruperto,from Rupert,Female,Filipino
"Russ, Russell",red,-,Filipino
"Rusti, Rusty",red headed,Male,Filipino
Ruth,friendship,-,Filipino
Rutherford,from the cattle ford,Male,Filipino
Ryan,king,-,Filipino
Ryder,"knight, mounted warrior",Both,Filipino
Ryker,becoming rich,-,Filipino
Saar,storm,Both,Filipino
Saber,sword,-,Filipino
Sabina,Sabine woman,Male,Filipino
Sada,pure one,-,Filipino
Sade,honor brings a crown,Female,Filipino
Saeed,"fortunate, auspicious",-,Filipino
Safara,fire,Female,Filipino
Safra,pure,-,Filipino
Sage,herb or prophet,Female,Filipino
Sagittarius,the archer,-,Filipino
Sahara,dawn,Male,Filipino
Saku,remembrance of the Lord,-,Filipino
Salome,"welcome, peace",Male,Filipino
Salvador,savior,-,Filipino
Salvatore,savior,Male,Filipino
Sam,short for Samantha or Samuel,-,Filipino
Samantha,Listener of God,Female,Filipino
Samiya,"high, elevated",-,Filipino
Sammy,"diminutive form of Samuel, Samantha",Male,Filipino
Sampaguita,the Philippine national flower,-,Filipino
Samson,sun or service,Male,Filipino
Samuel,his name id God,-,Filipino
Samuru,his name is God,Male,Filipino
Sancho,"holy, saint",-,Filipino
Sanders,son of Alexander,Male,Filipino
Sandra,defender of men,-,Filipino
Sanjay,victory,Male,Filipino
Sanjaya,"winner, victor",-,Filipino
Sanjiv,to live together,Female,Filipino
Sanna,lily fower,-,Filipino
Santa,"saint, holy",Male,Filipino
Santana,holy,-,Filipino
"Sara, Sarah",princess,Male,Filipino
Sarina,"princess, one who laughs",-,Filipino
Sarki,chief,Male,Filipino
Sasha,diminutive form of Alexander,-,Filipino
Sasuke,"help, assistance",Female,Filipino
Satin,smooth and shiny cloth,-,Filipino
Saturday,born on a Saturday,Both,Filipino
Saturn,Roman god of agriculture,-,Filipino
Saul,borrowed,Both,Filipino
"Savanna, Savannah","open, plain",-,Filipino
Savarna,like God,Female,Filipino
Sawyer,woodcutter,-,Filipino
Scarlett,red,Female,Filipino
Scorpio,the scorpion,-,Filipino
"Scot, Scott",from Scotland,Both,Filipino
Sean,God is gracious,-,Filipino
Seanna,God is gracious,Female,Filipino
Season,planting and growing,-,Filipino
Seath,wolfish,Male,Filipino
Sebastian,venerable,-,Filipino
Sebastien,venerable,Both,Filipino
Seiko,"force, truth",-,Filipino
Selina,moon,Both,Filipino
September,born in the month of September,-,Filipino
Serena,"calm, serene",Male,Filipino
Serendipity,fateful meeting,-,Filipino
Serenity,peaceful disposition,Male,Filipino
Serge,servant,-,Filipino
Sergei,servant,Female,Filipino
Sergio,servant,-,Filipino
Seth,appointed,Female,Filipino
Seven,the number seven,-,Filipino
Severino,severe,Both,Filipino
Shadow,shade from the sun,-,Filipino
Shael,to inquire,Female,Filipino
Shahan,kings,-,Filipino
Shaina,God is gracious,Both,Filipino
Shakil,handsome,-,Filipino
Shakila,beautiful,Male,Filipino
Shakina,beautiful one,-,Filipino
Shakir,thankful,Both,Filipino
Shalom,peace,-,Filipino
Shaman,holy man,Female,Filipino
Shane,God is gracious,-,Filipino
Shannon,old,Female,Filipino
Shantell,form of Chantal,-,Filipino
Shanti,"peace, calm",Both,Filipino
Shaquille,handsome,-,Filipino
Shari,a flat clearing,Male,Filipino
Sharif,"noble, honorable",-,Filipino
Sharla,diminutive form of Charlotte,Male,Filipino
Sharlene,free,-,Filipino
"Sharon, Sharona",a flat clearing,Both,Filipino
Shasa,fresh water,-,Filipino
"Shaun, Shawn",God is gracious,Male,Filipino
Shaw,dweller by the woods,-,Filipino
Shawdi,joy,Male,Filipino
Sheela,"modesty, good character",-,Filipino
Sheena,God is gracious,Female,Filipino
"Sheila, Shiela",heaven,-,Filipino
Shelby,from the town in the hollow,Female,Filipino
Sheldon,town in the valley,-,Filipino
Shell,crustacean covering,Female,Filipino
"Shelley, Shelly",from the sloping field,-,Filipino
Shepherd,shepherd,Female,Filipino
Sheridan,to seek,-,Filipino
Sherlock,fair haired,Both,Filipino
Sherman,cloth cutter,-,Filipino
"Sherri, Sherry",darling,Male,Filipino
Sherwood,from the shire wood,-,Filipino
Sheva,"oath, promise",Female,Filipino
Shirley,bright meadow,-,Filipino
Shiva,beauty,Female,Filipino
Sibyl,seer,-,Filipino
"Sid, Sidney",contraction of St. Denys,Male,Filipino
Sienna,reddish brown,-,Filipino
Sigmund,victorious protector,Female,Filipino
Sigourney,the conqueror,-,Filipino
Silvana,forest,Male,Filipino
Silver,a metal,-,Filipino
Simba,lion,Male,Filipino
"Simeon, Simon",to be heard,-,Filipino
Simone,to be heard,Female,Filipino
Sinclair,"from St. Clair, France",-,Filipino
Socorro,"succor, help",Male,Filipino
Socrates,whole rule,-,Filipino
Sofer,writer,Female,Filipino
Sofia,wisdom,-,Filipino
Sol,sun,Female,Filipino
Solana,wind form the east,-,Filipino
Soleil,sun,Female,Filipino
Solidad,solitude,-,Filipino
Solomon,peace,Female,Filipino
Sonia,wisdom,-,Filipino
Sonja,wisdom,Male,Filipino
Sonny,our son,-,Filipino
Sonora,pleasant surrounding,Female,Filipino
"Sophia, Sophie",wisdom,-,Filipino
Soraya,rich,Male,Filipino
Soren,severe,-,Filipino
Spencer,"butler, steward",Both,Filipino
Spike,long nail,-,Filipino
Stacy,Resurrection,Female,Filipino
Stanley,from the stony field,-,Filipino
Star,star,Male,Filipino
Stefan,crown,-,Filipino
Stefanie,crown,Male,Filipino
Stella,star,-,Filipino
"Stephan, Steven",crown,Male,Filipino
Stephanie,crown,-,Filipino
Stephen,crown,Female,Filipino
Steve,short for Stephen,-,Filipino
"Stewart, Stuart",steward for a castle or estate,Male,Filipino
Stillman,fisherman,-,Filipino
Sugar,crystal sugar,Female,Filipino
Sunday,born on a Sunday,-,Filipino
Sunshine,rays of the sun,Male,Filipino
Susan,lily,-,Filipino
"Susane, Suzanne",lily,Female,Filipino
Suzette,diminutive form of Susan,-,Filipino
Suzy,diminutive form of Susan,Female,Filipino
Sybil,prophetess,-,Filipino
Sydney,contraction of St. Denys,Female,Filipino
Sylvana,of the forest,-,Filipino
Sylvester,from the forest,Female,Filipino
Sylvia,forest,-,Filipino
Symphony,musical piece for the orchestra,Female,Filipino
Synclair,from St. Clair in France,-,Filipino
Taban,"resplendent, shining",Female,Filipino
Tabitha,a gazelle,-,Filipino
Tadeo,praise,Male,Filipino
"Tahira, Tahirah",pure,-,Filipino
Tai,from Thailand,Female,Filipino
Taite,cheerful,-,Filipino
Tala,morning star,Female,Filipino
Talitha,"maiden, child",-,Filipino
Talulah,leaping water,Male,Filipino
Tamal,dark tree,-,Filipino
"Tamar, Tamara",palm tree,Male,Filipino
Tamia,chipmunk,-,Filipino
Tamika,variation of Tamar,Female,Filipino
Tamir,rich,-,Filipino
Tamira,a spice or palm tree,Male,Filipino
Tammy,diminutive form of Tamsin or Tamara,-,Filipino
Tanika,rope,Female,Filipino
Tanisha,born on monday,-,Filipino
Tanya,fairy queen,Both,Filipino
Tara,"tower, hillside",-,Filipino
Tariq,morning star,Both,Filipino
Tasha,born on Christmas day,-,Filipino
Tate,cheerful,Female,Filipino
Tatiana,fairy queen,-,Filipino
Taurus,the bull,Female,Filipino
Taylor,tailor,-,Filipino
Tazanna,princess,Female,Filipino
Tazara,"elegance, grace",-,Filipino
Tea,gift of God,Female,Filipino
"Ted, Teddy",diminutive form of Theodore,-,Filipino
Teenie,small one,Female,Filipino
Telma,form of Thelma,-,Filipino
Tender,sensitive,Female,Filipino
Tenen,born on a Monday,-,Filipino
Tennis,ball game,Female,Filipino
Teo,divine gift,-,Filipino
Teodulo,God's slave,Male,Filipino
Terah,form of Terra or Tara,-,Filipino
Terence,soft or tender,Female,Filipino
Teresa,harvester,-,Filipino
Terra,earth,Female,Filipino
"Terrel, Terrell",stubborn,-,Filipino
"Terri, Terry",diminutive form of Theresa,Female,Filipino
"Tess, Tessa",harvester,-,Filipino
Texas,friend,Female,Filipino
Thaddeus,praise,-,Filipino
Thane,"warrior, landowner",Female,Filipino
Thatcher,roof maker,-,Filipino
Thea,gift of God,Female,Filipino
Thelma,will,-,Filipino
Thema,queen,Male,Filipino
"Theo, Theodore",divine gift,-,Filipino
Theone,gift from God,Female,Filipino
Theresa,harvester,-,Filipino
Therese,harvester,Female,Filipino
Tho,respectful of parents,-,Filipino
"Thomas, Tom",a twin,Female,Filipino
Thor,thunder,-,Filipino
Thorne,from the thorn bush,Male,Filipino
Thornton,from the thorny town,-,Filipino
Thuraya,stars and the planets,Male,Filipino
Thurman,servant of Thor,-,Filipino
Thurstan,Thor's stone,Male,Filipino
Thy,poetry,-,Filipino
Tia,aunt,Male,Filipino
Tiara,crown,-,Filipino
Tiffany,appearance of God,Female,Filipino
Tiger,"big cat, tiger",-,Filipino
Timothy,to honor God,Male,Filipino
Tisha,joy,-,Filipino
Titania,land of the giants,Male,Filipino
Titus,giant,-,Filipino
Tobias,God is good,Female,Filipino
Toby,God is good,-,Filipino
"Todd, Toddy",fox,Female,Filipino
Tomas,a form of Thomas,-,Filipino
Tommy,a twin,Female,Filipino
Tomoko,intelligent,-,Filipino
Topher,Christ bearer,Female,Filipino
Toren,ship mast,-,Filipino
Tosca,"from Tuscany, Italy",Both,Filipino
Toussaint,all saints,-,Filipino
"Tracey, Tracy","from Tracy, France",Male,Filipino
Travis,from the crossing or tollgate,-,Filipino
Trent,thirty,Female,Filipino
Trenton,from the town by the river Trent,-,Filipino
Trevor,from the big settlement,Female,Filipino
Trianna,"noble, gracious",-,Filipino
Tricia,noble,Male,Filipino
Trinidad,Holy Trinity,-,Filipino
"Trish, Trisha",noble,Male,Filipino
Tristan,Tumult,-,Filipino
Tristian,from Tristan,Both,Filipino
Trixie,bringer of joy,-,Filipino
Troy,water or foot soldier,Male,Filipino
Truman,faithful man,-,Filipino
Tucker,tucker of cloth,Male,Filipino
Tuesday,born on Tuesday,-,Filipino
Tyler,tile maker,Male,Filipino
Tyrone,from the land of Eoghan,-,Filipino
Tyson,firebrand or son of Denis,Female,Filipino
Uba,"father, lord",-,Filipino
Uday,one who runs fast,Male,Filipino
Udell,from the yew valley,-,Filipino
Ugo,"mind, spirit",Male,Filipino
Ujana,youth,-,Filipino
Ula,jewel of the sea,Female,Filipino
Ulan,first born of twins,-,Filipino
Ulani,cheerful,Male,Filipino
Ulla,diminutive form of Ulrike,-,Filipino
Ulmer,famous wolf,Female,Filipino
Ulric,wolf ruler,-,Filipino
Ulyssis,wounded in the thigh,Male,Filipino
Uma,nation,-,Filipino
Umay,hope,Male,Filipino
Umberto,bright warrior,-,Filipino
Umed,hope,Male,Filipino
Umi,servant,-,Filipino
Umika,goddess,Female,Filipino
Una,one,-,Filipino
Unity,oneness,Female,Filipino
Unna,woman,-,Filipino
Upendo,love,Female,Filipino
Upton,high village,-,Filipino
Ura,the heart,Female,Filipino
Urania,heavenly,-,Filipino
Urbain,from the city,Male,Filipino
Urban,from the city,-,Filipino
Urbana,from the city,Male,Filipino
Urbano,from the city,-,Filipino
Uri,"my light, flame, fire",Female,Filipino
Urian,city born,-,Filipino
Uriel,light of God,Female,Filipino
Urmi,wave,-,Filipino
Ursa,the bear,Both,Filipino
Ursula,female bear,-,Filipino
Usher,people escort,Both,Filipino
Utah,people of the mountain,-,Filipino
Uyen,N/A,Female,Filipino
Uzi,"power, strength",-,Filipino
Uzuri,beauty,Male,Filipino
Vachel,cowherd,-,Filipino
Val,short form of Valentine or Valerie,Both,Filipino
Valdemar,famous ruler,-,Filipino
Valencia,"strength, health",Male,Filipino
Valentina,"strength, health",-,Filipino
Valentine,"strength, health",Male,Filipino
Valentino,"strength, health",-,Filipino
Valeria,strength,Female,Filipino
Valerie,strength,-,Filipino
Valiant,brave,Female,Filipino
Vance,from the marsh,-,Filipino
Vandana,worship,Female,Filipino
Vanessa,combination of Van and Esther,-,Filipino
Vangie,messenger of good news,Male,Filipino
Vanig,maiden of Van,-,Filipino
Vanna,golden color,Both,Filipino
Varali,the moon,-,Filipino
Varana,selecting choosing,Female,Filipino
Varden,from Verdun,-,Filipino
Varian,variable,Male,Filipino
Varick,honorable defender,-,Filipino
Vea,the way,Female,Filipino
Vega,stooping eagle,-,Filipino
Velika,great,Male,Filipino
Velvet,soft fabric,-,Filipino
"Venecia, Venetia",Venice,Both,Filipino
Venedict,from Benedict,-,Filipino
Venice,the city of Venice,Male,Filipino
Ventana,window,-,Filipino
Ventura,good fortune,Female,Filipino
Venus,goddess of love,-,Filipino
Vera,faith,Female,Filipino
"Verda, Verdad",truth,-,Filipino
Verdi,green,Both,Filipino
Vern,alder tree,-,Filipino
Verne,dweller among the ferns,Male,Filipino
Vernon,alder tree,-,Filipino
Verona,truth,Female,Filipino
"Veronica, Veronique",bring victory,-,Filipino
Vianca,"fair skinned, white",Female,Filipino
Vice,change,-,Filipino
Vicente,victorious,Male,Filipino
"Vicky, Victoria","winner, conqueror",-,Filipino
Victor,"winner, conqueror",Female,Filipino
Vida,life,-,Filipino
Vidal,vital,Male,Filipino
Vidar,forest battler,-,Filipino
Vienna,from wine country,Female,Filipino
Vijay,victorious,-,Filipino
Vina,from the vineyard,Male,Filipino
Vince,short form of Vincent,-,Filipino
Vincent,victorious,Male,Filipino
Vincenzo,victorious,-,Filipino
Viola,violet,Female,Filipino
Violet,purple-blue flower,-,Filipino
Virgil,"staff bearer, strong",Male,Filipino
Virika,brave one,-,Filipino
Vitalis,alive,Female,Filipino
Vito,life,-,Filipino
Vittorio,"winner, conqueror",Male,Filipino
Viva,full of life,-,Filipino
Viveca,war,Male,Filipino
"Vivi, Vivian",alive,-,Filipino
Viviana,alive,Male,Filipino
"Vivien, Vivienne",alive,-,Filipino
Vlad,prince,Female,Filipino
Vladimir,great ruler,-,Filipino
Von,from Vaughn,Female,Filipino
Vox,voice,-,Filipino
Vyomini,divine,Male,Filipino
Vyra,truth,-,Filipino
"Wade, Wayde",traveler,Female,Filipino
Wahid,unique,-,Filipino
Wakanda,possesses magical powers,Male,Filipino
Walda,ruler,-,Filipino
Waldemar,famous ruler,Male,Filipino
Walden,from the valley of the Britons,-,Filipino
Waldo,God's power,Male,Filipino
Waldron,mighty raven,-,Filipino
Walker,fuller of cloth,Female,Filipino
Wallace,"foreigner, stranger",-,Filipino
Walt,army ruler,Female,Filipino
Walter,army ruler,-,Filipino
Walworth,from the homestead of the Britons,Female,Filipino
Wanda,a slender young tree,-,Filipino
Ward,guardian,Female,Filipino
Warner,army guard,-,Filipino
Warren,guard,Female,Filipino
Warrick,from the town by the river,-,Filipino
Warwick,from the town by the weir,Male,Filipino
Wasaki,the enemy,-,Filipino
Waseemah,beautiful,Male,Filipino
Washington,from the town of Wassa's people,-,Filipino
Watson,son of Water,Both,Filipino
Watt,army ruler,-,Filipino
Wattan,from the homeland,Both,Filipino
Wauna,singing snow goose,-,Filipino
Wayne,wagon driver,Female,Filipino
"Webb, Webster",weaver,-,Filipino
Wednesday,born on a Wednesday,Female,Filipino
Wei,"valuable, brilliant",-,Filipino
Weldon,from the hill with a well,Male,Filipino
Wendell,"wanderer, seeker",-,Filipino
Wendy,friend,Male,Filipino
Wentworth,village of the white people,-,Filipino
Werner,army guard,Male,Filipino
Wesley,from the west field,-,Filipino
West,from the west,Both,Filipino
Weston,from the west town,-,Filipino
Wheaton,from the wheat town,Male,Filipino
Wheeler,wheel maker,-,Filipino
Whisper,speak softly,Male,Filipino
Whitney,from the white island,-,Filipino
Whittaker,from the wheat field,Male,Filipino
Wilbur,will fortress,-,Filipino
Wilda,"untamed, wild",Male,Filipino
Wilford,from the ford by the willows,-,Filipino
Wilfred,will peace,Female,Filipino
Wilhelm,strong willed warrior,-,Filipino
Wilhelmina,strong willed warrior,Both,Filipino
Wilkinson,son of Wilkin,-,Filipino
Willard,will brave,Male,Filipino
"Willem, William",strong willed warrior,-,Filipino
Wilma,short form of Wilhelmina,Male,Filipino
Wilmer,will famous,-,Filipino
Wilona,combination of Will and Leona,Female,Filipino
Wilson,son of William,-,Filipino
Wind,moving air,Male,Filipino
Winfred,"peace, friend",-,Filipino
Winnie,diminutive form of Winifred,Male,Filipino
Winona,first born,-,Filipino
Winston,from Wina's town,Male,Filipino
Winter,the winter season,-,Filipino
Winthrop,from Wymund's farm,Female,Filipino
"Wolf, Wolfe",the wolf,-,Filipino
Wolfgang,wolf way,Male,Filipino
Woodrow,from the lane in the woods,-,Filipino
Woodward,forester,Male,Filipino
Wyatt,son of a guy,-,Filipino
Wycliff,from the cliff by the bend,Male,Filipino
Wyman,battle protector,-,Filipino
Wyndham,from Wymond's homestead,Female,Filipino
Wynn,"fair, white, blessed",-,Filipino
Wynona,first born American,Male,Filipino
Xadrian,created name,-,Filipino
Xakery,a form of Zachary,Female,Filipino
Xanadu,a Mongolian city,-,Filipino
Xander,defender of men,Male,Filipino
Xandy,defender of men,-,Filipino
Xannon,ancient god,Female,Filipino
Xantara,protector of the earth,-,Filipino
Xanti,short form of Xantiago,Male,Filipino
Xanto,golden,-,Filipino
Xaria,a form of Zaria,Female,Filipino
Xarles,man,-,Filipino
Xavier,the new house,Female,Filipino
Xaviera,the new house,-,Filipino
"Xena, Xenia",hospitable,Male,Filipino
Xenon,"host, guest",-,Filipino
Xenos,"host, guest",Female,Filipino
Xerxes,"ruler, king",-,Filipino
Xexilia,blind of self beauty,Male,Filipino
Xhaiden,"created name, beam of cleansing light",-,Filipino
Xiang,fragrant,Male,Filipino
Ximena,hearkening,-,Filipino
Xing,star,Male,Filipino
Xing Xing,twin stars,-,Filipino
Xiomara,ready for battle,Male,Filipino
Xiu,"elegant, beautiful",-,Filipino
Xolani,please forgive,Female,Filipino
Xorn,"Xorn is a fictional name which was created and used in the American comic, X-Man. The name was also used in the role-playing games, Dungeons and Dragons. It is not commonly used to name babies, except by fanatical X-Men or Dungeons fans.",-,Filipino
Xuan,spring,Male,Filipino
Xue,snow,-,Filipino
Xue Fang,fragrant snow,Both,Filipino
Xuxa,queen,-,Filipino
Xylander,forest man,Female,Filipino
Xylia,from the forest,-,Filipino
Xylon,from the forest,Female,Filipino
Yachi,eight thousand,-,Filipino
Yael,mountain goat,Female,Filipino
Yamal,on of a twin,-,Filipino
Yamka,budding flower,Male,Filipino
Yana,he answers,-,Filipino
Yancy,Englishman,Female,Filipino
"Yanni, Yannis",God is gracious,-,Filipino
Yardan,to flow down,Male,Filipino
Yaron,he will sing,-,Filipino
Yaser,"easy, smooth",Female,Filipino
Yasmin,Jasmine,-,Filipino
Yasu,calm,Female,Filipino
Yasuo,peaceful one,-,Filipino
Yelena,form of Helen,Male,Filipino
Yenge,work,-,Filipino
Yeriel,God has taught me,Female,Filipino
Yessica,God beholds,-,Filipino
Yestin,just,Female,Filipino
"Yetta, Yettie",short form of Henrietta,-,Filipino
Yoland,violet flower,Female,Filipino
Yolanda,violet flower,-,Filipino
Yonah,dove,Male,Filipino
Yori,reliable,-,Filipino
Yorick,farmer,Male,Filipino
York,from the town of Eburos,-,Filipino
"Yosef, Yosefu",God will add,Male,Filipino
Yoshe,beauty,-,Filipino
"Yoshi, Yoshino","good, respectful",Male,Filipino
Yoshiko,good child,-,Filipino
Yousef,God will increase,Female,Filipino
Yovela,jubilee,-,Filipino
Yuki,snow or lucky,Both,Filipino
Yukio,gets what he wants,-,Filipino
Yuma,son of the chief,Male,Filipino
Yuri,farmer,-,Filipino
Yuval,brook,Female,Filipino
Yves,Yew,-,Filipino
"Yvette, Yvonne",Yew,Both,Filipino
Yvon,diminutive form of Yves,-,Filipino
Zabby,God is my oath,Male,Filipino
Zabel,God is my oath,-,Filipino
Zabrina,"Latin for the river Severn, England",Female,Filipino
Zach,God has remembered,-,Filipino
Zachary,God has remembered,Male,Filipino
Zaire,from Zaire,-,Filipino
Zander,defender of men,Female,Filipino
Zara,princess,-,Filipino
Zareb,guardian,Female,Filipino
Zared,trap,-,Filipino
Zarina,golden,Female,Filipino
Zarita,princess,-,Filipino
Zeb,short form of Zebedee or Zebulon,Both,Filipino
Zed,God is righteous,-,Filipino
Zeena,beautiful,Female,Filipino
Zena,hospitable,-,Filipino
Zenith,the very top,Both,Filipino
Zenon,guest,-,Filipino
Zeus,a god,Male,Filipino
Ziggy,diminutive form of Sigmund,-,Filipino
Zinna,rayed flower,Male,Filipino
"Zoe, Zoey, Zoie",life,-,Filipino
Zofia,wisdom,Male,Filipino
Zorina,golden,-,Filipino
Zulu,heaven,Female,Filipino
Zweena,beautiful,-,Filipino
